experiment_type,parameter_value,run,hidden_layers,activation,optimizer,batch_size,epochs,training_time,train_mse,train_rmse,train_mae,test_mse,test_rmse,test_mae,train_accuracy,test_accuracy,train_loss,test_loss
layers,1_layers,1,[32],relu,sgd,32,50,5.470322847366333,0.7083333333333333,0.8416254115301731,0.7083333333333333,0.725,0.85146931829632,0.725,0.2916666666666667,0.275,1.7403732272241557,1.7607680529547436
layers,1_layers,2,[32],relu,sgd,32,50,1.825836181640625,0.78125,0.8838834764831844,0.78125,0.7583333333333333,0.8708233651742088,0.7583333333333333,0.21875,0.24166666666666667,1.761767842020569,1.7584684266626451
layers,1_layers,3,[32],relu,sgd,32,50,3.8560256958007812,0.6875,0.82915619758885,0.6875,0.75,0.8660254037844386,0.75,0.3125,0.25,1.726705608422654,1.7530733629904092
layers,1_layers,4,[32],relu,sgd,32,50,1.260869026184082,0.76875,0.8767838958375092,0.76875,0.8,0.8944271909999159,0.8,0.23125,0.2,1.733297015158494,1.755196024588019
layers,1_layers,5,[32],relu,sgd,32,50,1.4921901226043701,0.7729166666666667,0.8791567929935289,0.7729166666666667,0.8166666666666667,0.9036961141150639,0.8166666666666667,0.22708333333333333,0.18333333333333332,1.751710438617587,1.7762555844755743
layers,1_layers,6,[32],relu,sgd,32,50,1.854686975479126,0.71875,0.8477912478906585,0.71875,0.775,0.8803408430829505,0.775,0.28125,0.225,1.7171106657302717,1.7573744804924438
layers,1_layers,7,[32],relu,sgd,32,50,2.467764377593994,0.76875,0.8767838958375092,0.76875,0.775,0.8803408430829505,0.775,0.23125,0.225,1.7534270390660622,1.762021598336502
layers,1_layers,8,[32],relu,sgd,32,50,4.178068161010742,0.7708333333333334,0.8779711460710616,0.7708333333333334,0.775,0.8803408430829505,0.775,0.22916666666666666,0.225,1.7484400252172283,1.7704093810444514
layers,1_layers,9,[32],relu,sgd,32,50,1.9398140907287598,0.71875,0.8477912478906585,0.71875,0.7166666666666667,0.8465616732800196,0.7166666666666667,0.28125,0.2833333333333333,1.7400919499521197,1.7555466782311764
layers,1_layers,10,[32],relu,sgd,32,50,4.708216667175293,0.7979166666666666,0.893261813057441,0.7979166666666666,0.825,0.9082951062292475,0.825,0.20208333333333334,0.175,1.774616722379561,1.8336435457545108
layers,2_layers,1,"[64, 32]",relu,sgd,32,50,6.31306266784668,0.7395833333333333,0.8599903100229288,0.7395833333333333,0.7833333333333333,0.8850612031567836,0.7833333333333333,0.2604166666666667,0.21666666666666667,1.7296701194961508,1.7683875968228664
layers,2_layers,2,"[64, 32]",relu,sgd,32,50,8.153494596481323,0.75,0.8660254037844386,0.75,0.8333333333333334,0.9128709291752769,0.8333333333333334,0.25,0.16666666666666666,1.726417143888809,1.7635665844580588
layers,2_layers,3,"[64, 32]",relu,sgd,32,50,2.1503374576568604,0.6708333333333334,0.8190441583537077,0.6708333333333334,0.675,0.8215838362577492,0.675,0.32916666666666666,0.325,1.709038270053508,1.7283054488422878
layers,2_layers,4,"[64, 32]",relu,sgd,32,50,9.557081460952759,0.75625,0.8696263565463043,0.75625,0.7416666666666667,0.8612007121842542,0.7416666666666667,0.24375,0.25833333333333336,1.751773003722343,1.7732951736324074
layers,2_layers,5,"[64, 32]",relu,sgd,32,50,2.6340813636779785,0.7208333333333333,0.8490190417966686,0.7208333333333333,0.7833333333333333,0.8850612031567836,0.7833333333333333,0.2791666666666667,0.21666666666666667,1.7323180302290377,1.759363015644864
layers,2_layers,6,"[64, 32]",relu,sgd,32,50,2.1533429622650146,0.7125,0.8440971508067067,0.7125,0.7916666666666666,0.8897565210026093,0.7916666666666666,0.2875,0.20833333333333334,1.7199153479889233,1.7620457528851006
layers,2_layers,7,"[64, 32]",relu,sgd,32,50,1.9710464477539062,0.7458333333333333,0.8636164272021076,0.7458333333333333,0.7833333333333333,0.8850612031567836,0.7833333333333333,0.25416666666666665,0.21666666666666667,1.7681364920477847,1.797457110820451
layers,2_layers,8,"[64, 32]",relu,sgd,32,50,2.2488839626312256,0.66875,0.8177713616898062,0.66875,0.6916666666666667,0.83166499665831,0.6916666666666667,0.33125,0.30833333333333335,1.6996754056117875,1.7013933852252625
layers,2_layers,9,"[64, 32]",relu,sgd,32,50,2.1195313930511475,0.74375,0.862409415533017,0.74375,0.7333333333333334,0.8563488385776753,0.7333333333333334,0.25625,0.26666666666666666,1.7395685741522156,1.7321504651517623
layers,2_layers,10,"[64, 32]",relu,sgd,32,50,2.733834981918335,0.73125,0.8551315688243535,0.73125,0.75,0.8660254037844386,0.75,0.26875,0.25,1.742895913938638,1.7768599694810632
layers,3_layers,1,"[128, 64, 32]",relu,sgd,32,50,2.920673131942749,0.7770833333333333,0.8815233027738594,0.7770833333333333,0.7916666666666666,0.8897565210026093,0.7916666666666666,0.22291666666666668,0.20833333333333334,1.738752328949552,1.7512738655069797
layers,3_layers,2,"[128, 64, 32]",relu,sgd,32,50,1.834181547164917,0.6645833333333333,0.8152198067597065,0.6645833333333333,0.75,0.8660254037844386,0.75,0.33541666666666664,0.25,1.7271061315013918,1.7668147602557107
layers,3_layers,3,"[128, 64, 32]",relu,sgd,32,50,1.9298408031463623,0.7229166666666667,0.8502450627123139,0.7229166666666667,0.7416666666666667,0.8612007121842542,0.7416666666666667,0.27708333333333335,0.25833333333333336,1.7301784410463035,1.7574186983371727
layers,3_layers,4,"[128, 64, 32]",relu,sgd,32,50,2.406186103820801,0.71875,0.8477912478906585,0.71875,0.7666666666666666,0.8755950357709131,0.7666666666666666,0.28125,0.23333333333333334,1.7187043994613092,1.745459989248212
layers,3_layers,5,"[128, 64, 32]",relu,sgd,32,50,2.160548448562622,0.725,0.85146931829632,0.725,0.7083333333333333,0.8416254115301731,0.7083333333333333,0.275,0.2916666666666667,1.7142634979625497,1.7267799911022224
layers,3_layers,6,"[128, 64, 32]",relu,sgd,32,50,1.7285051345825195,0.6645833333333333,0.8152198067597065,0.6645833333333333,0.6833333333333333,0.8266397845091497,0.6833333333333333,0.33541666666666664,0.31666666666666665,1.6834214870707753,1.73418508621212
layers,3_layers,7,"[128, 64, 32]",relu,sgd,32,50,1.7490124702453613,0.70625,0.8403868156985805,0.70625,0.775,0.8803408430829505,0.775,0.29375,0.225,1.7348840064385602,1.7676581683971047
layers,3_layers,8,"[128, 64, 32]",relu,sgd,32,50,2.3938376903533936,0.7229166666666667,0.8502450627123139,0.7229166666666667,0.775,0.8803408430829505,0.775,0.27708333333333335,0.225,1.7177560768645237,1.74301427455475
layers,3_layers,9,"[128, 64, 32]",relu,sgd,32,50,2.233633041381836,0.6895833333333333,0.8304115445568742,0.6895833333333333,0.7,0.8366600265340756,0.7,0.3104166666666667,0.3,1.7040697853966953,1.7365956970913274
layers,3_layers,10,"[128, 64, 32]",relu,sgd,32,50,4.232522487640381,0.7354166666666666,0.8575643804791956,0.7354166666666666,0.75,0.8660254037844386,0.75,0.26458333333333334,0.25,1.7266245019640856,1.7455558081779021
layers,4_layers,1,"[256, 128, 64, 32]",relu,sgd,32,50,3.57875394821167,0.68125,0.8253787009609589,0.68125,0.7583333333333333,0.8708233651742088,0.7583333333333333,0.31875,0.24166666666666667,1.6885482952853361,1.7081220162831119
layers,4_layers,2,"[256, 128, 64, 32]",relu,sgd,32,50,2.768087148666382,0.7041666666666666,0.8391463916782737,0.7041666666666666,0.8083333333333333,0.8990735972840785,0.8083333333333333,0.29583333333333334,0.19166666666666668,1.6722776421420111,1.7444096654823393
layers,4_layers,3,"[256, 128, 64, 32]",relu,sgd,32,50,2.6389615535736084,0.7208333333333333,0.8490190417966686,0.7208333333333333,0.8166666666666667,0.9036961141150639,0.8166666666666667,0.2791666666666667,0.18333333333333332,1.7176340300821038,1.7572847079764522
layers,4_layers,4,"[256, 128, 64, 32]",relu,sgd,32,50,2.7345523834228516,0.6791666666666667,0.824115687671741,0.6791666666666667,0.7416666666666667,0.8612007121842542,0.7416666666666667,0.32083333333333336,0.25833333333333336,1.6823843492565478,1.7233691309178616
layers,4_layers,5,"[256, 128, 64, 32]",relu,sgd,32,50,2.81510329246521,0.70625,0.8403868156985805,0.70625,0.775,0.8803408430829505,0.775,0.29375,0.225,1.7087041029667385,1.7716662286013345
layers,4_layers,6,"[256, 128, 64, 32]",relu,sgd,32,50,2.33244252204895,0.7354166666666666,0.8575643804791956,0.7354166666666666,0.6833333333333333,0.8266397845091497,0.6833333333333333,0.26458333333333334,0.31666666666666665,1.7080203857490177,1.7381435299479435
layers,4_layers,7,"[256, 128, 64, 32]",relu,sgd,32,50,2.219226121902466,0.7645833333333334,0.8744045593049783,0.7645833333333334,0.7416666666666667,0.8612007121842542,0.7416666666666667,0.23541666666666666,0.25833333333333336,1.740454647239127,1.7343120684744258
layers,4_layers,8,"[256, 128, 64, 32]",relu,sgd,32,50,2.207134246826172,0.7291666666666667,0.8539125638299666,0.7291666666666667,0.6916666666666667,0.83166499665831,0.6916666666666667,0.2708333333333333,0.30833333333333335,1.696236359923094,1.7077395288080723
layers,4_layers,9,"[256, 128, 64, 32]",relu,sgd,32,50,2.1916799545288086,0.7354166666666666,0.8575643804791956,0.7354166666666666,0.675,0.8215838362577492,0.675,0.26458333333333334,0.325,1.7155990960868972,1.720970322524923
layers,4_layers,10,"[256, 128, 64, 32]",relu,sgd,32,50,2.1265227794647217,0.66875,0.8177713616898062,0.66875,0.675,0.8215838362577492,0.675,0.33125,0.325,1.6657389388224535,1.6959265570378712
neurons,16_neurons,1,[16],relu,sgd,32,50,0.8353879451751709,0.7791666666666667,0.8827041784576907,0.7791666666666667,0.75,0.8660254037844386,0.75,0.22083333333333333,0.25,1.7676765167244541,1.7746673929043
neurons,16_neurons,2,[16],relu,sgd,32,50,0.7250924110412598,0.8083333333333333,0.8990735972840785,0.8083333333333333,0.8333333333333334,0.9128709291752769,0.8333333333333334,0.19166666666666668,0.16666666666666666,1.7859619374639046,1.7907024574571166
neurons,16_neurons,3,[16],relu,sgd,32,50,0.8243660926818848,0.7916666666666666,0.8897565210026093,0.7916666666666666,0.7083333333333333,0.8416254115301731,0.7083333333333333,0.20833333333333334,0.2916666666666667,1.7756657446128126,1.775697441561774
neurons,16_neurons,4,[16],relu,sgd,32,50,0.7999136447906494,0.7791666666666667,0.8827041784576907,0.7791666666666667,0.775,0.8803408430829505,0.775,0.22083333333333333,0.225,1.7681329586459047,1.7796798084056684
neurons,16_neurons,5,[16],relu,sgd,32,50,0.8757565021514893,0.7583333333333333,0.8708233651742088,0.7583333333333333,0.8,0.8944271909999159,0.8,0.24166666666666667,0.2,1.7816539242761824,1.7895658178281526
neurons,16_neurons,6,[16],relu,sgd,32,50,0.9382567405700684,0.81875,0.9048480535426928,0.81875,0.875,0.9354143466934853,0.875,0.18125,0.125,1.7849465415639019,1.798508475397594
neurons,16_neurons,7,[16],relu,sgd,32,50,0.9394862651824951,0.7833333333333333,0.8850612031567836,0.7833333333333333,0.7833333333333333,0.8850612031567836,0.7833333333333333,0.21666666666666667,0.21666666666666667,1.7783470788166873,1.792012651452788
neurons,16_neurons,8,[16],relu,sgd,32,50,1.025017499923706,0.7833333333333333,0.8850612031567836,0.7833333333333333,0.825,0.9082951062292475,0.825,0.21666666666666667,0.175,1.7695784927643567,1.7817683851077752
neurons,16_neurons,9,[16],relu,sgd,32,50,0.682175874710083,0.83125,0.9117291264405235,0.83125,0.8166666666666667,0.9036961141150639,0.8166666666666667,0.16875,0.18333333333333332,1.7804554746860424,1.789317053598647
neurons,16_neurons,10,[16],relu,sgd,32,50,0.7209601402282715,0.7395833333333333,0.8599903100229288,0.7395833333333333,0.8083333333333333,0.8990735972840785,0.8083333333333333,0.2604166666666667,0.19166666666666668,1.7532901228357145,1.7825019228345969
neurons,32_neurons,1,[32],relu,sgd,32,50,0.8355264663696289,0.7229166666666667,0.8502450627123139,0.7229166666666667,0.6833333333333333,0.8266397845091497,0.6833333333333333,0.27708333333333335,0.31666666666666665,1.7536403186637843,1.7667186400795216
neurons,32_neurons,2,[32],relu,sgd,32,50,0.8310472965240479,0.7416666666666667,0.8612007121842542,0.7416666666666667,0.775,0.8803408430829505,0.775,0.25833333333333336,0.225,1.7463683682536788,1.7535152704099985
neurons,32_neurons,3,[32],relu,sgd,32,50,0.7985811233520508,0.7083333333333333,0.8416254115301731,0.7083333333333333,0.775,0.8803408430829505,0.775,0.2916666666666667,0.225,1.7284754385918788,1.7702526376802838
neurons,32_neurons,4,[32],relu,sgd,32,50,0.8437695503234863,0.7666666666666666,0.8755950357709131,0.7666666666666666,0.8166666666666667,0.9036961141150639,0.8166666666666667,0.23333333333333334,0.18333333333333332,1.7416316310490672,1.7982439821576677
neurons,32_neurons,5,[32],relu,sgd,32,50,0.7256848812103271,0.7854166666666667,0.8862373647430279,0.7854166666666667,0.85,0.9219544457292888,0.85,0.21458333333333332,0.15,1.7323375177483116,1.7709307736577649
neurons,32_neurons,6,[32],relu,sgd,32,50,0.7590274810791016,0.7604166666666666,0.8720187306856813,0.7604166666666666,0.7833333333333333,0.8850612031567836,0.7833333333333333,0.23958333333333334,0.21666666666666667,1.7586548379737503,1.7575331904269118
neurons,32_neurons,7,[32],relu,sgd,32,50,0.7631344795227051,0.7291666666666667,0.8539125638299666,0.7291666666666667,0.7083333333333333,0.8416254115301731,0.7083333333333333,0.2708333333333333,0.2916666666666667,1.7367559499984793,1.7317962395227293
neurons,32_neurons,8,[32],relu,sgd,32,50,0.8388528823852539,0.7479166666666667,0.8648217542746405,0.7479166666666667,0.8416666666666667,0.917423929634859,0.8416666666666667,0.2520833333333333,0.15833333333333333,1.7478498235234272,1.7936227406750944
neurons,32_neurons,9,[32],relu,sgd,32,50,0.9076881408691406,0.8166666666666667,0.9036961141150639,0.8166666666666667,0.85,0.9219544457292888,0.85,0.18333333333333332,0.15,1.7684759202362335,1.7727793074275757
neurons,32_neurons,10,[32],relu,sgd,32,50,1.0491325855255127,0.7854166666666667,0.8862373647430279,0.7854166666666667,0.7666666666666666,0.8755950357709131,0.7666666666666666,0.21458333333333332,0.23333333333333334,1.744097882795621,1.7600733116156002
neurons,64_neurons,1,[64],relu,sgd,32,50,1.510000467300415,0.6979166666666667,0.8354140689901426,0.6979166666666667,0.7,0.8366600265340756,0.7,0.3020833333333333,0.3,1.6963229730854719,1.7216981674750882
neurons,64_neurons,2,[64],relu,sgd,32,50,1.5223586559295654,0.7520833333333333,0.867227382716513,0.7520833333333333,0.7666666666666666,0.8755950357709131,0.7666666666666666,0.24791666666666667,0.23333333333333334,1.7268202505083896,1.7238882494174197
neurons,64_neurons,3,[64],relu,sgd,32,50,1.4754693508148193,0.6854166666666667,0.8278989471346528,0.6854166666666667,0.7333333333333334,0.8563488385776753,0.7333333333333334,0.3145833333333333,0.26666666666666666,1.7221778415048292,1.7404140478824226
neurons,64_neurons,4,[64],relu,sgd,32,50,1.5247409343719482,0.7,0.8366600265340756,0.7,0.7416666666666667,0.8612007121842542,0.7416666666666667,0.3,0.25833333333333336,1.7253023894687365,1.7488045371779937
neurons,64_neurons,5,[64],relu,sgd,32,50,1.0406110286712646,0.7229166666666667,0.8502450627123139,0.7229166666666667,0.7166666666666667,0.8465616732800196,0.7166666666666667,0.27708333333333335,0.2833333333333333,1.7555986006380526,1.7681494151231303
neurons,64_neurons,6,[64],relu,sgd,32,50,1.604135274887085,0.7333333333333334,0.8563488385776753,0.7333333333333334,0.7833333333333333,0.8850612031567836,0.7833333333333333,0.26666666666666666,0.21666666666666667,1.7402794195620288,1.7696229554825882
neurons,64_neurons,7,[64],relu,sgd,32,50,1.239532709121704,0.7458333333333333,0.8636164272021076,0.7458333333333333,0.7583333333333333,0.8708233651742088,0.7583333333333333,0.25416666666666665,0.24166666666666667,1.7208124199990427,1.7361295956851162
neurons,64_neurons,8,[64],relu,sgd,32,50,0.9744291305541992,0.675,0.8215838362577492,0.675,0.7083333333333333,0.8416254115301731,0.7083333333333333,0.325,0.2916666666666667,1.7198723545087422,1.7368556598184424
neurons,64_neurons,9,[64],relu,sgd,32,50,0.9704933166503906,0.6979166666666667,0.8354140689901426,0.6979166666666667,0.75,0.8660254037844386,0.75,0.3020833333333333,0.25,1.715797696741922,1.76517949316237
neurons,64_neurons,10,[64],relu,sgd,32,50,1.0556769371032715,0.6916666666666667,0.83166499665831,0.6916666666666667,0.6666666666666667,0.816496580927726,0.6666666666666667,0.30833333333333335,0.3333333333333333,1.7279606436340273,1.7418638352702842
neurons,128_neurons,1,[128],relu,sgd,32,50,1.379734754562378,0.7208333333333333,0.8490190417966686,0.7208333333333333,0.725,0.85146931829632,0.725,0.2791666666666667,0.275,1.705546294385555,1.7365610652482233
neurons,128_neurons,2,[128],relu,sgd,32,50,1.3097424507141113,0.7041666666666666,0.8391463916782737,0.7041666666666666,0.6583333333333333,0.811377429642539,0.6583333333333333,0.29583333333333334,0.3416666666666667,1.6907162869449717,1.6824699665982263
neurons,128_neurons,3,[128],relu,sgd,32,50,1.2427704334259033,0.65625,0.8100925873009825,0.65625,0.6666666666666667,0.816496580927726,0.6666666666666667,0.34375,0.3333333333333333,1.7433016515845723,1.7690861655292225
neurons,128_neurons,4,[128],relu,sgd,32,50,1.2856459617614746,0.6458333333333333,0.8036375634160795,0.6458333333333333,0.625,0.7905694150420949,0.625,0.3541666666666667,0.375,1.7124982717529467,1.7192759785268295
neurons,128_neurons,5,[128],relu,sgd,32,50,1.310133695602417,0.7666666666666666,0.8755950357709131,0.7666666666666666,0.7416666666666667,0.8612007121842542,0.7416666666666667,0.23333333333333334,0.25833333333333336,1.735594002617795,1.7286043482709736
neurons,128_neurons,6,[128],relu,sgd,32,50,1.4680767059326172,0.6416666666666666,0.801040989379861,0.6416666666666666,0.6916666666666667,0.83166499665831,0.6916666666666667,0.35833333333333334,0.30833333333333335,1.6875391522366705,1.7114544218952186
neurons,128_neurons,7,[128],relu,sgd,32,50,1.6288318634033203,0.68125,0.8253787009609589,0.68125,0.7333333333333334,0.8563488385776753,0.7333333333333334,0.31875,0.26666666666666666,1.6855456613747706,1.7041418957130816
neurons,128_neurons,8,[128],relu,sgd,32,50,1.4371795654296875,0.7166666666666667,0.8465616732800196,0.7166666666666667,0.75,0.8660254037844386,0.75,0.2833333333333333,0.25,1.6898819550028028,1.7501092142458063
neurons,128_neurons,9,[128],relu,sgd,32,50,1.4650146961212158,0.7125,0.8440971508067067,0.7125,0.7333333333333334,0.8563488385776753,0.7333333333333334,0.2875,0.26666666666666666,1.7029963158128294,1.7211104624821039
neurons,128_neurons,10,[128],relu,sgd,32,50,1.2032890319824219,0.7041666666666666,0.8391463916782737,0.7041666666666666,0.75,0.8660254037844386,0.75,0.29583333333333334,0.25,1.7074149409767996,1.712100548494025
activation,relu,1,"[64, 32]",relu,sgd,32,50,1.0236155986785889,0.6708333333333334,0.8190441583537077,0.6708333333333334,0.6666666666666667,0.816496580927726,0.6666666666666667,0.32916666666666666,0.3333333333333333,1.7190113007192598,1.7389510409794204
activation,relu,2,"[64, 32]",relu,sgd,32,50,0.9977664947509766,0.7791666666666667,0.8827041784576907,0.7791666666666667,0.7916666666666666,0.8897565210026093,0.7916666666666666,0.22083333333333333,0.20833333333333334,1.722561727529533,1.7481640685707522
activation,relu,3,"[64, 32]",relu,sgd,32,50,1.1248257160186768,0.7479166666666667,0.8648217542746405,0.7479166666666667,0.8083333333333333,0.8990735972840785,0.8083333333333333,0.2520833333333333,0.19166666666666668,1.7250678329239582,1.7522275874646331
activation,relu,4,"[64, 32]",relu,sgd,32,50,0.992713451385498,0.7625,0.873212459828649,0.7625,0.775,0.8803408430829505,0.775,0.2375,0.225,1.740290374606615,1.7656399681547206
activation,relu,5,"[64, 32]",relu,sgd,32,50,1.0274064540863037,0.7729166666666667,0.8791567929935289,0.7729166666666667,0.8,0.8944271909999159,0.8,0.22708333333333333,0.2,1.7474436544681415,1.7762778680927933
activation,relu,6,"[64, 32]",relu,sgd,32,50,0.9637331962585449,0.6958333333333333,0.8341662504161466,0.6958333333333333,0.725,0.85146931829632,0.725,0.30416666666666664,0.275,1.7218663035261101,1.7518502443661386
activation,relu,7,"[64, 32]",relu,sgd,32,50,1.0725457668304443,0.71875,0.8477912478906585,0.71875,0.7416666666666667,0.8612007121842542,0.7416666666666667,0.28125,0.25833333333333336,1.7401834217713985,1.7630625758197553
activation,relu,8,"[64, 32]",relu,sgd,32,50,1.1130218505859375,0.7145833333333333,0.8453303101943839,0.7145833333333333,0.7333333333333334,0.8563488385776753,0.7333333333333334,0.28541666666666665,0.26666666666666666,1.721416496210945,1.7225938693340979
activation,relu,9,"[64, 32]",relu,sgd,32,50,1.178269624710083,0.7041666666666666,0.8391463916782737,0.7041666666666666,0.8166666666666667,0.9036961141150639,0.8166666666666667,0.29583333333333334,0.18333333333333332,1.7118625843377595,1.7481618720289542
activation,relu,10,"[64, 32]",relu,sgd,32,50,1.3525052070617676,0.7416666666666667,0.8612007121842542,0.7416666666666667,0.7833333333333333,0.8850612031567836,0.7833333333333333,0.25833333333333336,0.21666666666666667,1.7506177822666624,1.7720332227115927
activation,sigmoid,1,"[64, 32]",sigmoid,sgd,32,50,1.1848323345184326,0.8416666666666667,0.917423929634859,0.8416666666666667,0.8083333333333333,0.8990735972840785,0.8083333333333333,0.15833333333333333,0.19166666666666668,1.8058579656001315,1.8117703287077545
activation,sigmoid,2,"[64, 32]",sigmoid,sgd,32,50,0.8794643878936768,0.8270833333333334,0.9094412203838869,0.8270833333333334,0.825,0.9082951062292475,0.825,0.17291666666666666,0.175,1.8143104249826483,1.8226575164313341
activation,sigmoid,3,"[64, 32]",sigmoid,sgd,32,50,0.8341109752655029,0.8416666666666667,0.917423929634859,0.8416666666666667,0.775,0.8803408430829505,0.775,0.15833333333333333,0.225,1.8097901560623277,1.7837780272032204
activation,sigmoid,4,"[64, 32]",sigmoid,sgd,32,50,0.8791229724884033,0.8375,0.9151502608861564,0.8375,0.85,0.9219544457292888,0.85,0.1625,0.15,1.8005331758078718,1.8118080195202444
activation,sigmoid,5,"[64, 32]",sigmoid,sgd,32,50,0.8323712348937988,0.8395833333333333,0.916287800493564,0.8395833333333333,0.8083333333333333,0.8990735972840785,0.8083333333333333,0.16041666666666668,0.19166666666666668,1.821643812566015,1.7951274954887557
activation,sigmoid,6,"[64, 32]",sigmoid,sgd,32,50,0.8045907020568848,0.85,0.9219544457292888,0.85,0.8333333333333334,0.9128709291752769,0.8333333333333334,0.15,0.16666666666666666,1.8094009557898703,1.805735967626024
activation,sigmoid,7,"[64, 32]",sigmoid,sgd,32,50,0.8140928745269775,0.85,0.9219544457292888,0.85,0.8166666666666667,0.9036961141150639,0.8166666666666667,0.15,0.18333333333333332,1.8124828628391223,1.7941128180301353
activation,sigmoid,8,"[64, 32]",sigmoid,sgd,32,50,0.7949175834655762,0.8270833333333334,0.9094412203838869,0.8270833333333334,0.8583333333333334,0.9264628073124864,0.8583333333333334,0.17291666666666666,0.14166666666666666,1.8461338222435615,1.8786137921755435
activation,sigmoid,9,"[64, 32]",sigmoid,sgd,32,50,0.7785966396331787,0.8666666666666667,0.9309493362512627,0.8666666666666667,0.85,0.9219544457292888,0.85,0.13333333333333333,0.15,1.8387755628270233,1.8473110691520176
activation,sigmoid,10,"[64, 32]",sigmoid,sgd,32,50,0.874070405960083,0.8,0.8944271909999159,0.8,0.8416666666666667,0.917423929634859,0.8416666666666667,0.2,0.15833333333333333,1.8100450426017745,1.8081331025896246
activation,tanh,1,"[64, 32]",tanh,sgd,32,50,0.9035098552703857,0.6958333333333333,0.8341662504161466,0.6958333333333333,0.7166666666666667,0.8465616732800196,0.7166666666666667,0.30416666666666664,0.2833333333333333,1.719196191094103,1.7205407461316435
activation,tanh,2,"[64, 32]",tanh,sgd,32,50,0.8073968887329102,0.68125,0.8253787009609589,0.68125,0.6833333333333333,0.8266397845091497,0.6833333333333333,0.31875,0.31666666666666665,1.6888170335433572,1.689994153815968
activation,tanh,3,"[64, 32]",tanh,sgd,32,50,0.7740640640258789,0.6958333333333333,0.8341662504161466,0.6958333333333333,0.6833333333333333,0.8266397845091497,0.6833333333333333,0.30416666666666664,0.31666666666666665,1.7006258120888347,1.714096838048455
activation,tanh,4,"[64, 32]",tanh,sgd,32,50,0.784111499786377,0.6854166666666667,0.8278989471346528,0.6854166666666667,0.7666666666666666,0.8755950357709131,0.7666666666666666,0.3145833333333333,0.23333333333333334,1.7214115552694589,1.754390358409082
activation,tanh,5,"[64, 32]",tanh,sgd,32,50,0.8078398704528809,0.7291666666666667,0.8539125638299666,0.7291666666666667,0.7416666666666667,0.8612007121842542,0.7416666666666667,0.2708333333333333,0.25833333333333336,1.7443494125144163,1.7794248253942648
activation,tanh,6,"[64, 32]",tanh,sgd,32,50,0.8685038089752197,0.6854166666666667,0.8278989471346528,0.6854166666666667,0.7666666666666666,0.8755950357709131,0.7666666666666666,0.3145833333333333,0.23333333333333334,1.706217465752037,1.7384839009743236
activation,tanh,7,"[64, 32]",tanh,sgd,32,50,0.8078398704528809,0.7333333333333334,0.8563488385776753,0.7333333333333334,0.775,0.8803408430829505,0.775,0.26666666666666666,0.225,1.7182302989987916,1.7402399329484426
activation,tanh,8,"[64, 32]",tanh,sgd,32,50,0.7928164005279541,0.7541666666666667,0.8684276980075352,0.7541666666666667,0.7833333333333333,0.8850612031567836,0.7833333333333333,0.24583333333333332,0.21666666666666667,1.7226508982550073,1.7475406383551824
activation,tanh,9,"[64, 32]",tanh,sgd,32,50,0.7718427181243896,0.7416666666666667,0.8612007121842542,0.7416666666666667,0.8,0.8944271909999159,0.8,0.25833333333333336,0.2,1.736711790506976,1.770804824271237
activation,tanh,10,"[64, 32]",tanh,sgd,32,50,0.7924647331237793,0.7145833333333333,0.8453303101943839,0.7145833333333333,0.775,0.8803408430829505,0.775,0.28541666666666665,0.225,1.6911349922934353,1.7517951316288836
activation,leaky_relu,1,"[64, 32]",leaky_relu,sgd,32,50,0.8150858879089355,0.7770833333333333,0.8815233027738594,0.7770833333333333,0.8083333333333333,0.8990735972840785,0.8083333333333333,0.22291666666666668,0.19166666666666668,1.7429777254444379,1.7837670970143416
activation,leaky_relu,2,"[64, 32]",leaky_relu,sgd,32,50,0.8462913036346436,0.71875,0.8477912478906585,0.71875,0.775,0.8803408430829505,0.775,0.28125,0.225,1.7034939775586793,1.7466554238920535
activation,leaky_relu,3,"[64, 32]",leaky_relu,sgd,32,50,0.7891495227813721,0.75,0.8660254037844386,0.75,0.8333333333333334,0.9128709291752769,0.8333333333333334,0.25,0.16666666666666666,1.718315363588019,1.7660702512783095
activation,leaky_relu,4,"[64, 32]",leaky_relu,sgd,32,50,0.9139559268951416,0.7375,0.8587782018658834,0.7375,0.7833333333333333,0.8850612031567836,0.7833333333333333,0.2625,0.21666666666666667,1.7356028676307365,1.801431188667291
activation,leaky_relu,5,"[64, 32]",leaky_relu,sgd,32,50,0.8915810585021973,0.7083333333333333,0.8416254115301731,0.7083333333333333,0.8083333333333333,0.8990735972840785,0.8083333333333333,0.2916666666666667,0.19166666666666668,1.727245221295,1.7715153790730414
activation,leaky_relu,6,"[64, 32]",leaky_relu,sgd,32,50,0.7455441951751709,0.7083333333333333,0.8416254115301731,0.7083333333333333,0.7666666666666666,0.8755950357709131,0.7666666666666666,0.2916666666666667,0.23333333333333334,1.728589095129199,1.7554983644890805
activation,leaky_relu,7,"[64, 32]",leaky_relu,sgd,32,50,0.7639262676239014,0.7354166666666666,0.8575643804791956,0.7354166666666666,0.7583333333333333,0.8708233651742088,0.7583333333333333,0.26458333333333334,0.24166666666666667,1.710987257852246,1.728773219111576
activation,leaky_relu,8,"[64, 32]",leaky_relu,sgd,32,50,0.8655107021331787,0.7729166666666667,0.8791567929935289,0.7729166666666667,0.8,0.8944271909999159,0.8,0.22708333333333333,0.2,1.7227749743862,1.7399310740447185
activation,leaky_relu,9,"[64, 32]",leaky_relu,sgd,32,50,0.8019344806671143,0.71875,0.8477912478906585,0.71875,0.7583333333333333,0.8708233651742088,0.7583333333333333,0.28125,0.24166666666666667,1.7510815671322828,1.812730838641571
activation,leaky_relu,10,"[64, 32]",leaky_relu,sgd,32,50,0.7819092273712158,0.7645833333333334,0.8744045593049783,0.7645833333333334,0.8083333333333333,0.8990735972840785,0.8083333333333333,0.23541666666666666,0.19166666666666668,1.753501037088298,1.7715258665539708
optimizer,sgd,1,"[64, 32]",relu,sgd,32,50,0.7723453044891357,0.7625,0.873212459828649,0.7625,0.8,0.8944271909999159,0.8,0.2375,0.2,1.7431859835695682,1.7711463308413473
optimizer,sgd,2,"[64, 32]",relu,sgd,32,50,0.7200915813446045,0.775,0.8803408430829505,0.775,0.8166666666666667,0.9036961141150639,0.8166666666666667,0.225,0.18333333333333332,1.7438813195607479,1.7778615889290308
optimizer,sgd,3,"[64, 32]",relu,sgd,32,50,0.7580504417419434,0.7333333333333334,0.8563488385776753,0.7333333333333334,0.8166666666666667,0.9036961141150639,0.8166666666666667,0.26666666666666666,0.18333333333333332,1.754888566604982,1.7834289482137644
optimizer,sgd,4,"[64, 32]",relu,sgd,32,50,0.84881591796875,0.7,0.8366600265340756,0.7,0.7666666666666666,0.8755950357709131,0.7666666666666666,0.3,0.23333333333333334,1.726047296033344,1.7385033326629842
optimizer,sgd,5,"[64, 32]",relu,sgd,32,50,0.8164122104644775,0.7833333333333333,0.8850612031567836,0.7833333333333333,0.85,0.9219544457292888,0.85,0.21666666666666667,0.15,1.7564721310548188,1.7962730183710636
optimizer,sgd,6,"[64, 32]",relu,sgd,32,50,0.7675509452819824,0.71875,0.8477912478906585,0.71875,0.7083333333333333,0.8416254115301731,0.7083333333333333,0.28125,0.2916666666666667,1.7090094326474168,1.7298687681408207
optimizer,sgd,7,"[64, 32]",relu,sgd,32,50,0.7742698192596436,0.7645833333333334,0.8744045593049783,0.7645833333333334,0.8,0.8944271909999159,0.8,0.23541666666666666,0.2,1.7610789516387586,1.7951941558499038
optimizer,sgd,8,"[64, 32]",relu,sgd,32,50,0.7329378128051758,0.7125,0.8440971508067067,0.7125,0.775,0.8803408430829505,0.775,0.2875,0.225,1.7252763161488498,1.752519190023825
optimizer,sgd,9,"[64, 32]",relu,sgd,32,50,0.7779440879821777,0.71875,0.8477912478906585,0.71875,0.7333333333333334,0.8563488385776753,0.7333333333333334,0.28125,0.26666666666666666,1.7460169333164914,1.7703454970766805
optimizer,sgd,10,"[64, 32]",relu,sgd,32,50,0.8412950038909912,0.74375,0.862409415533017,0.74375,0.75,0.8660254037844386,0.75,0.25625,0.25,1.7397353669424642,1.7368176738331267
optimizer,momentum,1,"[64, 32]",relu,momentum,32,50,0.8330471515655518,0.7020833333333334,0.8379041313499614,0.7020833333333334,0.6916666666666667,0.83166499665831,0.6916666666666667,0.29791666666666666,0.30833333333333335,1.685005118817473,1.704872814288386
optimizer,momentum,2,"[64, 32]",relu,momentum,32,50,0.8260445594787598,0.6854166666666667,0.8278989471346528,0.6854166666666667,0.6583333333333333,0.811377429642539,0.6583333333333333,0.3145833333333333,0.3416666666666667,1.651318602208946,1.7004027087076257
optimizer,momentum,3,"[64, 32]",relu,momentum,32,50,0.7636563777923584,0.6125,0.7826237921249264,0.6125,0.6833333333333333,0.8266397845091497,0.6833333333333333,0.3875,0.31666666666666665,1.5484815696651073,1.6404823705267964
optimizer,momentum,4,"[64, 32]",relu,momentum,32,50,0.7741024494171143,0.59375,0.770551750371122,0.59375,0.6916666666666667,0.83166499665831,0.6916666666666667,0.40625,0.30833333333333335,1.6367796093001714,1.701175222476373
optimizer,momentum,5,"[64, 32]",relu,momentum,32,50,0.7967274188995361,0.6083333333333334,0.7799572637865061,0.6083333333333334,0.625,0.7905694150420949,0.625,0.39166666666666666,0.375,1.58436543917562,1.620360112817847
optimizer,momentum,6,"[64, 32]",relu,momentum,32,50,0.8781321048736572,0.6104166666666666,0.7812916655556148,0.6104166666666666,0.6416666666666666,0.801040989379861,0.6416666666666666,0.38958333333333334,0.35833333333333334,1.5818416078627944,1.619896677952723
optimizer,momentum,7,"[64, 32]",relu,momentum,32,50,0.8249893188476562,0.7291666666666667,0.8539125638299666,0.7291666666666667,0.7333333333333334,0.8563488385776753,0.7333333333333334,0.2708333333333333,0.26666666666666666,1.7154589973403946,1.7343661782493265
optimizer,momentum,8,"[64, 32]",relu,momentum,32,50,0.8107998371124268,0.5708333333333333,0.7555351304428758,0.5708333333333333,0.6083333333333334,0.7799572637865061,0.6083333333333334,0.42916666666666664,0.39166666666666666,1.545493198181903,1.6267268130142796
optimizer,momentum,9,"[64, 32]",relu,momentum,32,50,0.7908854484558105,0.5645833333333333,0.7513876052566567,0.5645833333333333,0.65,0.806225774829855,0.65,0.4354166666666667,0.35,1.560738291816564,1.6315135660786597
optimizer,momentum,10,"[64, 32]",relu,momentum,32,50,0.7793278694152832,0.6583333333333333,0.811377429642539,0.6583333333333333,0.6833333333333333,0.8266397845091497,0.6833333333333333,0.3416666666666667,0.31666666666666665,1.6361553345326008,1.670500577152284
optimizer,nesterov,1,"[64, 32]",relu,nesterov,32,50,0.8925116062164307,0.7083333333333333,0.8416254115301731,0.7083333333333333,0.7916666666666666,0.8897565210026093,0.7916666666666666,0.2916666666666667,0.20833333333333334,1.6979763285868819,1.7301639629690009
optimizer,nesterov,2,"[64, 32]",relu,nesterov,32,50,0.9637277126312256,0.7291666666666667,0.8539125638299666,0.7291666666666667,0.75,0.8660254037844386,0.75,0.2708333333333333,0.25,1.7320524732905052,1.7704283844481468
optimizer,nesterov,3,"[64, 32]",relu,nesterov,32,50,0.874366283416748,0.7458333333333333,0.8636164272021076,0.7458333333333333,0.7666666666666666,0.8755950357709131,0.7666666666666666,0.25416666666666665,0.23333333333333334,1.7121804799352907,1.7448210215796762
optimizer,nesterov,4,"[64, 32]",relu,nesterov,32,50,0.8652346134185791,0.6479166666666667,0.8049327094028834,0.6479166666666667,0.6916666666666667,0.83166499665831,0.6916666666666667,0.35208333333333336,0.30833333333333335,1.5789934744547174,1.6654120233061471
optimizer,nesterov,5,"[64, 32]",relu,nesterov,32,50,0.8388094902038574,0.7020833333333334,0.8379041313499614,0.7020833333333334,0.7416666666666667,0.8612007121842542,0.7416666666666667,0.29791666666666666,0.25833333333333336,1.7360523419074332,1.7459321834033068
optimizer,nesterov,6,"[64, 32]",relu,nesterov,32,50,0.8799962997436523,0.6895833333333333,0.8304115445568742,0.6895833333333333,0.7416666666666667,0.8612007121842542,0.7416666666666667,0.3104166666666667,0.25833333333333336,1.6782978307857317,1.7386714537777204
optimizer,nesterov,7,"[64, 32]",relu,nesterov,32,50,0.9242520332336426,0.6520833333333333,0.8075167696917095,0.6520833333333333,0.7083333333333333,0.8416254115301731,0.7083333333333333,0.34791666666666665,0.2916666666666667,1.6822024089282157,1.7390913285844722
optimizer,nesterov,8,"[64, 32]",relu,nesterov,32,50,0.9099092483520508,0.6104166666666666,0.7812916655556148,0.6104166666666666,0.6666666666666667,0.816496580927726,0.6666666666666667,0.38958333333333334,0.3333333333333333,1.6139906304041172,1.692065837648371
optimizer,nesterov,9,"[64, 32]",relu,nesterov,32,50,0.9520385265350342,0.7145833333333333,0.8453303101943839,0.7145833333333333,0.6916666666666667,0.83166499665831,0.6916666666666667,0.28541666666666665,0.30833333333333335,1.7260627314593686,1.723896243936774
optimizer,nesterov,10,"[64, 32]",relu,nesterov,32,50,0.9333562850952148,0.6520833333333333,0.8075167696917095,0.6520833333333333,0.675,0.8215838362577492,0.675,0.34791666666666665,0.325,1.6466283432188655,1.6618130660486983
